header1,header2,header3,header4,header5
stuff1,stuff2,stuff3,stuff4,stuff5
stuff1,stuff2,stuff3,stuff4,stuff5
stuff1,stuff2,stuff3,stuff4,stuff5
stuff1,stuff2,stuff3,stuff4,stuff5
stuff1,stuff2,stuff3,stuff4,stuff5
stuff1,stuff2,stuff3,stuff4,stuff5
stuff1,stuff2,stuff3,stuff4,stuff5
stuff1,stuff2,stuff3,stuff4,stuff5
stuff1,stuff2,stuff3,stuff4,stuff5
stuff1,stuff2,stuff3,stuff4,stuff5
stuff1,stuff2,stuff3,stuff4,stuff5
stuff1,stuff2,stuff3,stuff4,stuff5
stuff1,stuff2,stuff3,stuff4,stuff5
stuff1,stuff2,stuff3,stuff4,stuff5
stuff1,stuff2,stuff3,stuff4,stuff5
stuff1,stuff2,stuff3,stuff4,stuff5
stuff1,stuff2,stuff3,stuff4,stuff5
stuff1,stuff2,stuff3,stuff4,stuff5
stuff1,stuff2,stuff3,stuff4,stuff5
stuff1,stuff2,stuff3,stuff4,stuff5
stuff1,stuff2,stuff3,stuff4,stuff5
stuff1,stuff2,stuff3,stuff4,stuff5
stuff1,stuff2,stuff3,stuff4,stuff5
stuff1,stuff2,stuff3,stuff4,stuff5
stuff1,stuff2,stuff3,stuff4,stuff5
stuff1,stuff2,stuff3,stuff4,stuff5
stuff1,stuff2,stuff3,stuff4,stuff5
stuff1,stuff2,stuff3,stuff4,stuff5
stuff1,stuff2,stuff3,stuff4,stuff5
stuff1,stuff2,stuff3,stuff4,stuff5
stuff1,stuff2,stuff3,stuff4,stuff5
stuff1,stuff2,stuff3,stuff4,stuff5
stuff1,stuff2,stuff3,stuff4,stuff5
stuff1,stuff2,stuff3,stuff4,stuff5
stuff1,stuff2,stuff3,stuff4,stuff5
stuff1,stuff2,stuff3,stuff4,stuff5
stuff1,stuff2,stuff3,stuff4,stuff5
stuff1,stuff2,stuff3,stuff4,stuff5
stuff1,stuff2,stuff3,stuff4,stuff5
stuff1,stuff2,stuff3,stuff4,stuff5
stuff1,stuff2,stuff3,stuff4,stuff5
stuff1,stuff2,stuff3,stuff4,stuff5
stuff1,stuff2,stuff3,stuff4,stuff5
stuff1,stuff2,stuff3,stuff4,stuff5
stuff1,stuff2,stuff3,stuff4,stuff5
stuff1,stuff2,stuff3,stuff4,stuff5
stuff1,stuff2,stuff3,stuff4,stuff5
stuff1,stuff2,stuff3,stuff4,stuff5
stuff1,stuff2,stuff3,stuff4,stuff5
stuff1,stuff2,stuff3,stuff4,stuff5
stuff1,stuff2,stuff3,stuff4,stuff5
stuff1,stuff2,stuff3,stuff4,stuff5
stuff1,stuff2,stuff3,stuff4,stuff5
stuff1,stuff2,stuff3,stuff4,stuff5
stuff1,stuff2,stuff3,stuff4,stuff5
stuff1,stuff2,stuff3,stuff4,stuff5
stuff1,stuff2,stuff3,stuff4,stuff5
stuff1,stuff2,stuff3,stuff4,stuff5
stuff1,stuff2,stuff3,stuff4,stuff5
stuff1,stuff2,stuff3,stuff4,stuff5
stuff1,stuff2,stuff3,stuff4,stuff5
stuff1,stuff2,stuff3,stuff4,stuff5
stuff1,stuff2,stuff3,stuff4,stuff5
stuff1,stuff2,stuff3,stuff4,stuff5
stuff1,stuff2,stuff3,stuff4,stuff5
stuff1,stuff2,stuff3,stuff4,stuff5
stuff1,stuff2,stuff3,stuff4,stuff5
stuff1,stuff2,stuff3,stuff4,stuff5
stuff1,stuff2,stuff3,stuff4,stuff5
stuff1,stuff2,stuff3,stuff4,stuff5
stuff1,stuff2,stuff3,stuff4,stuff5
stuff1,stuff2,stuff3,stuff4,stuff5
stuff1,stuff2,stuff3,stuff4,stuff5
stuff1,stuff2,stuff3,stuff4,stuff5
stuff1,stuff2,stuff3,stuff4,stuff5
stuff1,stuff2,stuff3,stuff4,stuff5
stuff1,stuff2,stuff3,stuff4,stuff5
stuff1,stuff2,stuff3,stuff4,stuff5
stuff1,stuff2,stuff3,stuff4,stuff5
stuff1,stuff2,stuff3,stuff4,stuff5
stuff1,stuff2,stuff3,stuff4,stuff5
stuff1,stuff2,stuff3,stuff4,stuff5
stuff1,stuff2,stuff3,stuff4,stuff5
stuff1,stuff2,stuff3,stuff4,stuff5
stuff1,stuff2,stuff3,stuff4,stuff5
stuff1,stuff2,stuff3,stuff4,stuff5
stuff1,stuff2,stuff3,stuff4,stuff5
stuff1,stuff2,stuff3,stuff4,stuff5
stuff1,stuff2,stuff3,stuff4,stuff5
stuff1,stuff2,stuff3,stuff4,stuff5
stuff1,stuff2,stuff3,stuff4,stuff5
stuff1,stuff2,stuff3,stuff4,stuff5
stuff1,stuff2,stuff3,stuff4,stuff5
stuff1,stuff2,stuff3,stuff4,stuff5
stuff1,stuff2,stuff3,stuff4,stuff5
stuff1,stuff2,stuff3,stuff4,stuff5
stuff1,stuff2,stuff3,stuff4,stuff5
stuff1,stuff2,stuff3,stuff4,stuff5
stuff1,stuff2,stuff3,stuff4,stuff5
stuff1,stuff2,stuff3,stuff4,stuff5
stuff1,stuff2,stuff3,stuff4,stuff5
stuff1,stuff2,stuff3,stuff4,stuff5
stuff1,stuff2,stuff3,stuff4,stuff5
stuff1,stuff2,stuff3,stuff4,stuff5
stuff1,stuff2,stuff3,stuff4,stuff5
stuff1,stuff2,stuff3,stuff4,stuff5
stuff1,stuff2,stuff3,stuff4,stuff5
stuff1,stuff2,stuff3,stuff4,stuff5
stuff1,stuff2,stuff3,stuff4,stuff5
stuff1,stuff2,stuff3,stuff4,stuff5
stuff1,stuff2,stuff3,stuff4,stuff5
stuff1,stuff2,stuff3,stuff4,stuff5
stuff1,stuff2,stuff3,stuff4,stuff5
stuff1,stuff2,stuff3,stuff4,stuff5
stuff1,stuff2,stuff3,stuff4,stuff5
stuff1,stuff2,stuff3,stuff4,stuff5
stuff1,stuff2,stuff3,stuff4,stuff5
stuff1,stuff2,stuff3,stuff4,stuff5
stuff1,stuff2,stuff3,stuff4,stuff5
stuff1,stuff2,stuff3,stuff4,stuff5
stuff1,stuff2,stuff3,stuff4,stuff5
stuff1,stuff2,stuff3,stuff4,stuff5
stuff1,stuff2,stuff3,stuff4,stuff5
stuff1,stuff2,stuff3,stuff4,stuff5
stuff1,stuff2,stuff3,stuff4,stuff5
stuff1,stuff2,stuff3,stuff4,stuff5
stuff1,stuff2,stuff3,stuff4,stuff5
stuff1,stuff2,stuff3,stuff4,stuff5
stuff1,stuff2,stuff3,stuff4,stuff5
stuff1,stuff2,stuff3,stuff4,stuff5
stuff1,stuff2,stuff3,stuff4,stuff5
stuff1,stuff2,stuff3,stuff4,stuff5
stuff1,stuff2,stuff3,stuff4,stuff5
stuff1,stuff2,stuff3,stuff4,stuff5
stuff1,stuff2,stuff3,stuff4,stuff5
stuff1,stuff2,stuff3,stuff4,stuff5
stuff1,stuff2,stuff3,stuff4,stuff5
stuff1,stuff2,stuff3,stuff4,stuff5
stuff1,stuff2,stuff3,stuff4,stuff5
stuff1,stuff2,stuff3,stuff4,stuff5
stuff1,stuff2,stuff3,stuff4,stuff5
stuff1,stuff2,stuff3,stuff4,stuff5
stuff1,stuff2,stuff3,stuff4,stuff5
stuff1,stuff2,stuff3,stuff4,stuff5
stuff1,stuff2,stuff3,stuff4,stuff5
stuff1,stuff2,stuff3,stuff4,stuff5
stuff1,stuff2,stuff3,stuff4,stuff5
stuff1,stuff2,stuff3,stuff4,stuff5
stuff1,stuff2,stuff3,stuff4,stuff5
stuff1,stuff2,stuff3,stuff4,stuff5
stuff1,stuff2,stuff3,stuff4,stuff5
stuff1,stuff2,stuff3,stuff4,stuff5
stuff1,stuff2,stuff3,stuff4,stuff5
stuff1,stuff2,stuff3,stuff4,stuff5
stuff1,stuff2,stuff3,stuff4,stuff5
stuff1,stuff2,stuff3,stuff4,stuff5
stuff1,stuff2,stuff3,stuff4,stuff5
stuff1,stuff2,stuff3,stuff4,stuff5
stuff1,stuff2,stuff3,stuff4,stuff5
stuff1,stuff2,stuff3,stuff4,stuff5
stuff1,stuff2,stuff3,stuff4,stuff5
stuff1,stuff2,stuff3,stuff4,stuff5
stuff1,stuff2,stuff3,stuff4,stuff5
stuff1,stuff2,stuff3,stuff4,stuff5
stuff1,stuff2,stuff3,stuff4,stuff5
stuff1,stuff2,stuff3,stuff4,stuff5
stuff1,stuff2,stuff3,stuff4,stuff5
stuff1,stuff2,stuff3,stuff4,stuff5
stuff1,stuff2,stuff3,stuff4,stuff5
stuff1,stuff2,stuff3,stuff4,stuff5
stuff1,stuff2,stuff3,stuff4,stuff5
stuff1,stuff2,stuff3,stuff4,stuff5
stuff1,stuff2,stuff3,stuff4,stuff5
stuff1,stuff2,stuff3,stuff4,stuff5
stuff1,stuff2,stuff3,stuff4,stuff5
stuff1,stuff2,stuff3,stuff4,stuff5
stuff1,stuff2,stuff3,stuff4,stuff5
stuff1,stuff2,stuff3,stuff4,stuff5
stuff1,stuff2,stuff3,stuff4,stuff5
stuff1,stuff2,stuff3,stuff4,stuff5
stuff1,stuff2,stuff3,stuff4,stuff5
stuff1,stuff2,stuff3,stuff4,stuff5
stuff1,stuff2,stuff3,stuff4,stuff5
stuff1,stuff2,stuff3,stuff4,stuff5
stuff1,stuff2,stuff3,stuff4,stuff5
stuff1,stuff2,stuff3,stuff4,stuff5
stuff1,stuff2,stuff3,stuff4,stuff5
stuff1,stuff2,stuff3,stuff4,stuff5
stuff1,stuff2,stuff3,stuff4,stuff5
stuff1,stuff2,stuff3,stuff4,stuff5
stuff1,stuff2,stuff3,stuff4,stuff5
stuff1,stuff2,stuff3,stuff4,stuff5
stuff1,stuff2,stuff3,stuff4,stuff5
stuff1,stuff2,stuff3,stuff4,stuff5
stuff1,stuff2,stuff3,stuff4,stuff5
stuff1,stuff2,stuff3,stuff4,stuff5
stuff1,stuff2,stuff3,stuff4,stuff5
stuff1,stuff2,stuff3,stuff4,stuff5
stuff1,stuff2,stuff3,stuff4,stuff5
stuff1,stuff2,stuff3,stuff4,stuff5
stuff1,stuff2,stuff3,stuff4,stuff5
stuff1,stuff2,stuff3,stuff4,stuff5
stuff1,stuff2,stuff3,stuff4,stuff5
stuff1,stuff2,stuff3,stuff4,stuff5
stuff1,stuff2,stuff3,stuff4,stuff5
stuff1,stuff2,stuff3,stuff4,stuff5
stuff1,stuff2,stuff3,stuff4,stuff5
stuff1,stuff2,stuff3,stuff4,stuff5
stuff1,stuff2,stuff3,stuff4,stuff5
stuff1,stuff2,stuff3,stuff4,stuff5
stuff1,stuff2,stuff3,stuff4,stuff5
stuff1,stuff2,stuff3,stuff4,stuff5
stuff1,stuff2,stuff3,stuff4,stuff5
stuff1,stuff2,stuff3,stuff4,stuff5
stuff1,stuff2,stuff3,stuff4,stuff5
stuff1,stuff2,stuff3,stuff4,stuff5
stuff1,stuff2,stuff3,stuff4,stuff5
stuff1,stuff2,stuff3,stuff4,stuff5
stuff1,stuff2,stuff3,stuff4,stuff5
stuff1,stuff2,stuff3,stuff4,stuff5
stuff1,stuff2,stuff3,stuff4,stuff5
stuff1,stuff2,stuff3,stuff4,stuff5
stuff1,stuff2,stuff3,stuff4,stuff5
stuff1,stuff2,stuff3,stuff4,stuff5
stuff1,stuff2,stuff3,stuff4,stuff5
stuff1,stuff2,stuff3,stuff4,stuff5
stuff1,stuff2,stuff3,stuff4,stuff5
stuff1,stuff2,stuff3,stuff4,stuff5
stuff1,stuff2,stuff3,stuff4,stuff5
stuff1,stuff2,stuff3,stuff4,stuff5
stuff1,stuff2,stuff3,stuff4,stuff5
stuff1,stuff2,stuff3,stuff4,stuff5
stuff1,stuff2,stuff3,stuff4,stuff5
stuff1,stuff2,stuff3,stuff4,stuff5
stuff1,stuff2,stuff3,stuff4,stuff5
stuff1,stuff2,stuff3,stuff4,stuff5
stuff1,stuff2,stuff3,stuff4,stuff5
stuff1,stuff2,stuff3,stuff4,stuff5
stuff1,stuff2,stuff3,stuff4,stuff5
stuff1,stuff2,stuff3,stuff4,stuff5
stuff1,stuff2,stuff3,stuff4,stuff5
stuff1,stuff2,stuff3,stuff4,stuff5
stuff1,stuff2,stuff3,stuff4,stuff5
stuff1,stuff2,stuff3,stuff4,stuff5
stuff1,stuff2,stuff3,stuff4,stuff5
stuff1,stuff2,stuff3,stuff4,stuff5
stuff1,stuff2,stuff3,stuff4,stuff5
stuff1,stuff2,stuff3,stuff4,stuff5
stuff1,stuff2,stuff3,stuff4,stuff5